no,fps
1,0.13382427179379613
2,2.1580577858614753
3,2.4116948949833024
4,3.979483520591433
5,2.9356170788177756
